,sqfeet,beds,baths,income,density,ROI,rental,sale,city
0,1120.4829690215952,2,1,11368.0,18705.54734819749,27.358165042131176,2147.76,73486.0,"Austin, TX"
